OrderItemID,OrderID,ProductID,Quantity,DiscountPercent
ITEM8000,ORD5100,PROD247,2,0
ITEM8001,ORD5025,PROD240,4,10
ITEM8002,ORD5224,PROD213,3,0
ITEM8003,ORD5202,PROD249,2,15
ITEM8004,ORD5216,PROD230,3,15
ITEM8005,ORD5393,PROD236,4,15
ITEM8006,ORD5164,PROD200,4,15
ITEM8007,ORD5372,PROD235,1,15
ITEM8008,ORD5077,PROD243,4,10
ITEM8009,ORD5295,PROD230,4,10
ITEM8010,ORD5238,PROD246,1,10
ITEM8011,ORD5098,PROD237,1,0
ITEM8012,ORD5105,PROD240,1,10
ITEM8013,ORD5320,PROD211,3,20
ITEM8014,ORD5291,PROD226,4,15
ITEM8015,ORD5200,PROD207,2,0
ITEM8016,ORD5440,PROD216,4,0
ITEM8017,ORD5066,PROD243,2,0
ITEM8018,ORD5283,PROD230,1,0
ITEM8019,ORD5409,PROD213,3,20
ITEM8020,ORD5104,PROD223,1,10
ITEM8021,ORD5485,PROD249,3,5
ITEM8022,ORD5191,PROD206,3,5
ITEM8023,ORD5246,PROD219,2,10
ITEM8024,ORD5330,PROD216,3,20
ITEM8025,ORD5152,PROD221,4,0
ITEM8026,ORD5086,PROD249,4,10
ITEM8027,ORD5357,PROD234,3,10
ITEM8028,ORD5055,PROD243,1,0
ITEM8029,ORD5078,PROD205,2,15
ITEM8030,ORD5304,PROD226,3,15
ITEM8031,ORD5171,PROD210,3,5
ITEM8032,ORD5237,PROD232,3,0
ITEM8033,ORD5469,PROD206,2,0
ITEM8034,ORD5325,PROD236,2,0
ITEM8035,ORD5015,PROD218,4,20
ITEM8036,ORD5427,PROD229,3,20
ITEM8037,ORD5103,PROD215,3,10
ITEM8038,ORD5380,PROD231,4,20
ITEM8039,ORD5020,PROD238,4,15
ITEM8040,ORD5097,PROD226,3,10
ITEM8041,ORD5352,PROD226,4,0
ITEM8042,ORD5276,PROD243,2,5
ITEM8043,ORD5169,PROD211,3,0
ITEM8044,ORD5403,PROD216,3,20
ITEM8045,ORD5399,PROD205,4,5
ITEM8046,ORD5007,PROD205,3,0
ITEM8047,ORD5345,PROD248,2,5
ITEM8048,ORD5029,PROD207,3,20
ITEM8049,ORD5057,PROD213,3,15
ITEM8050,ORD5496,PROD216,4,20
ITEM8051,ORD5295,PROD249,1,10
ITEM8052,ORD5382,PROD207,3,0
ITEM8053,ORD5398,PROD202,2,20
ITEM8054,ORD5273,PROD217,2,20
ITEM8055,ORD5148,PROD240,3,5
ITEM8056,ORD5145,PROD203,2,15
ITEM8057,ORD5033,PROD209,4,10
ITEM8058,ORD5136,PROD211,4,15
ITEM8059,ORD5386,PROD224,2,0
ITEM8060,ORD5473,PROD207,1,0
ITEM8061,ORD5034,PROD234,1,20
ITEM8062,ORD5123,PROD239,4,15
ITEM8063,ORD5170,PROD235,3,5
ITEM8064,ORD5252,PROD220,4,20
ITEM8065,ORD5491,PROD249,4,5
ITEM8066,ORD5040,PROD200,3,10
ITEM8067,ORD5314,PROD230,2,0
ITEM8068,ORD5268,PROD249,3,0
ITEM8069,ORD5126,PROD238,2,15
ITEM8070,ORD5219,PROD221,2,0
ITEM8071,ORD5093,PROD230,1,15
ITEM8072,ORD5173,PROD232,2,5
ITEM8073,ORD5297,PROD248,4,5
ITEM8074,ORD5229,PROD221,2,0
ITEM8075,ORD5465,PROD231,1,10
ITEM8076,ORD5073,PROD220,4,20
ITEM8077,ORD5236,PROD219,3,0
ITEM8078,ORD5472,PROD249,3,10
ITEM8079,ORD5294,PROD202,4,20
ITEM8080,ORD5390,PROD233,3,10
ITEM8081,ORD5158,PROD233,4,5
ITEM8082,ORD5462,PROD242,3,15
ITEM8083,ORD5170,PROD219,3,20
ITEM8084,ORD5173,PROD218,2,0
ITEM8085,ORD5014,PROD240,3,20
ITEM8086,ORD5314,PROD208,1,15
ITEM8087,ORD5174,PROD210,2,10
ITEM8088,ORD5449,PROD239,1,10
ITEM8089,ORD5234,PROD226,4,5
ITEM8090,ORD5265,PROD229,2,10
ITEM8091,ORD5009,PROD226,4,0
ITEM8092,ORD5101,PROD227,3,15
ITEM8093,ORD5191,PROD243,3,10
ITEM8094,ORD5359,PROD228,1,5
ITEM8095,ORD5391,PROD229,4,0
ITEM8096,ORD5384,PROD226,4,20
ITEM8097,ORD5495,PROD226,4,0
ITEM8098,ORD5276,PROD247,1,10
ITEM8099,ORD5363,PROD229,1,20
ITEM8100,ORD5472,PROD230,4,5
ITEM8101,ORD5114,PROD222,2,0
ITEM8102,ORD5220,PROD210,1,20
ITEM8103,ORD5447,PROD246,2,20
ITEM8104,ORD5105,PROD224,2,5
ITEM8105,ORD5471,PROD201,3,10
ITEM8106,ORD5436,PROD248,1,15
ITEM8107,ORD5024,PROD242,1,20
ITEM8108,ORD5347,PROD223,2,20
ITEM8109,ORD5452,PROD246,2,20
ITEM8110,ORD5292,PROD221,4,20
ITEM8111,ORD5448,PROD208,2,0
ITEM8112,ORD5418,PROD200,2,0
ITEM8113,ORD5159,PROD215,2,0
ITEM8114,ORD5488,PROD219,1,15
ITEM8115,ORD5130,PROD223,1,20
ITEM8116,ORD5499,PROD211,1,20
ITEM8117,ORD5224,PROD225,2,5
ITEM8118,ORD5446,PROD204,2,10
ITEM8119,ORD5000,PROD232,4,5
ITEM8120,ORD5316,PROD213,4,0
ITEM8121,ORD5027,PROD225,1,20
ITEM8122,ORD5498,PROD247,1,20
ITEM8123,ORD5468,PROD249,3,5
ITEM8124,ORD5061,PROD243,3,5
ITEM8125,ORD5292,PROD216,3,10
ITEM8126,ORD5111,PROD228,2,10
ITEM8127,ORD5250,PROD225,2,0
ITEM8128,ORD5357,PROD201,3,0
ITEM8129,ORD5003,PROD243,3,5
ITEM8130,ORD5096,PROD210,4,0
ITEM8131,ORD5115,PROD238,2,15
ITEM8132,ORD5399,PROD216,2,15
ITEM8133,ORD5067,PROD222,4,5
ITEM8134,ORD5087,PROD202,2,20
ITEM8135,ORD5244,PROD206,1,0
ITEM8136,ORD5302,PROD226,4,15
ITEM8137,ORD5219,PROD222,3,0
ITEM8138,ORD5154,PROD249,2,15
ITEM8139,ORD5134,PROD224,3,0
ITEM8140,ORD5393,PROD202,1,15
ITEM8141,ORD5419,PROD206,3,10
ITEM8142,ORD5011,PROD222,2,20
ITEM8143,ORD5098,PROD219,3,10
ITEM8144,ORD5059,PROD244,3,5
ITEM8145,ORD5019,PROD235,4,15
ITEM8146,ORD5247,PROD223,4,10
ITEM8147,ORD5244,PROD231,4,5
ITEM8148,ORD5442,PROD241,4,0
ITEM8149,ORD5045,PROD226,1,0
ITEM8150,ORD5130,PROD228,3,15
ITEM8151,ORD5164,PROD237,3,10
ITEM8152,ORD5451,PROD229,4,0
ITEM8153,ORD5455,PROD219,3,5
ITEM8154,ORD5386,PROD232,4,20
ITEM8155,ORD5213,PROD218,3,10
ITEM8156,ORD5268,PROD246,3,0
ITEM8157,ORD5351,PROD221,3,5
ITEM8158,ORD5113,PROD230,1,20
ITEM8159,ORD5380,PROD248,4,10
ITEM8160,ORD5497,PROD221,1,20
ITEM8161,ORD5011,PROD238,1,20
ITEM8162,ORD5051,PROD227,3,5
ITEM8163,ORD5207,PROD207,1,0
ITEM8164,ORD5271,PROD239,1,15
ITEM8165,ORD5011,PROD208,1,15
ITEM8166,ORD5080,PROD209,2,0
ITEM8167,ORD5057,PROD245,3,15
ITEM8168,ORD5131,PROD206,2,5
ITEM8169,ORD5101,PROD200,3,10
ITEM8170,ORD5422,PROD210,1,5
ITEM8171,ORD5223,PROD239,1,10
ITEM8172,ORD5379,PROD233,4,5
ITEM8173,ORD5246,PROD219,4,10
ITEM8174,ORD5014,PROD202,1,15
ITEM8175,ORD5411,PROD245,2,5
ITEM8176,ORD5154,PROD216,3,20
ITEM8177,ORD5193,PROD242,1,5
ITEM8178,ORD5290,PROD212,2,0
ITEM8179,ORD5147,PROD216,4,10
ITEM8180,ORD5096,PROD208,1,15
ITEM8181,ORD5251,PROD237,2,5
ITEM8182,ORD5161,PROD232,3,20
ITEM8183,ORD5092,PROD238,2,10
ITEM8184,ORD5169,PROD225,2,20
ITEM8185,ORD5395,PROD229,4,5
ITEM8186,ORD5444,PROD219,1,10
ITEM8187,ORD5049,PROD248,4,20
ITEM8188,ORD5466,PROD246,4,5
ITEM8189,ORD5444,PROD226,2,0
ITEM8190,ORD5452,PROD245,2,5
ITEM8191,ORD5485,PROD231,1,10
ITEM8192,ORD5477,PROD217,4,0
ITEM8193,ORD5321,PROD243,3,20
ITEM8194,ORD5213,PROD220,1,10
ITEM8195,ORD5254,PROD203,1,0
ITEM8196,ORD5286,PROD208,4,5
ITEM8197,ORD5114,PROD247,2,10
ITEM8198,ORD5013,PROD203,1,15
ITEM8199,ORD5479,PROD244,1,20
ITEM8200,ORD5272,PROD210,4,15
ITEM8201,ORD5212,PROD246,4,15
ITEM8202,ORD5022,PROD237,4,0
ITEM8203,ORD5060,PROD249,2,15
ITEM8204,ORD5368,PROD226,4,15
ITEM8205,ORD5326,PROD209,3,5
ITEM8206,ORD5039,PROD206,1,5
ITEM8207,ORD5122,PROD206,3,10
ITEM8208,ORD5225,PROD214,4,0
ITEM8209,ORD5051,PROD245,2,10
ITEM8210,ORD5222,PROD212,4,0
ITEM8211,ORD5281,PROD241,3,15
ITEM8212,ORD5054,PROD212,2,5
ITEM8213,ORD5439,PROD233,2,0
ITEM8214,ORD5149,PROD225,1,5
ITEM8215,ORD5465,PROD215,1,20
ITEM8216,ORD5385,PROD202,4,10
ITEM8217,ORD5157,PROD232,4,5
ITEM8218,ORD5181,PROD233,4,10
ITEM8219,ORD5055,PROD233,4,0
ITEM8220,ORD5100,PROD211,4,5
ITEM8221,ORD5307,PROD237,2,10
ITEM8222,ORD5173,PROD207,1,10
ITEM8223,ORD5436,PROD207,4,20
ITEM8224,ORD5347,PROD210,3,20
ITEM8225,ORD5406,PROD212,2,15
ITEM8226,ORD5127,PROD247,1,20
ITEM8227,ORD5144,PROD249,3,20
ITEM8228,ORD5350,PROD218,4,10
ITEM8229,ORD5168,PROD227,3,0
ITEM8230,ORD5138,PROD234,4,5
ITEM8231,ORD5346,PROD225,3,10
ITEM8232,ORD5385,PROD240,1,10
ITEM8233,ORD5478,PROD223,1,5
ITEM8234,ORD5243,PROD234,2,5
ITEM8235,ORD5123,PROD222,4,15
ITEM8236,ORD5166,PROD245,2,0
ITEM8237,ORD5032,PROD218,2,0
ITEM8238,ORD5111,PROD243,1,10
ITEM8239,ORD5414,PROD228,3,10
ITEM8240,ORD5137,PROD238,3,20
ITEM8241,ORD5270,PROD200,2,20
ITEM8242,ORD5296,PROD236,2,15
ITEM8243,ORD5469,PROD211,4,10
ITEM8244,ORD5270,PROD247,3,5
ITEM8245,ORD5354,PROD207,1,15
ITEM8246,ORD5034,PROD210,2,15
ITEM8247,ORD5268,PROD231,4,20
ITEM8248,ORD5481,PROD208,1,0
ITEM8249,ORD5075,PROD225,4,15
ITEM8250,ORD5494,PROD223,3,20
ITEM8251,ORD5401,PROD223,1,0
ITEM8252,ORD5046,PROD201,2,15
ITEM8253,ORD5302,PROD233,2,10
ITEM8254,ORD5014,PROD242,4,10
ITEM8255,ORD5035,PROD245,2,10
ITEM8256,ORD5126,PROD201,4,15
ITEM8257,ORD5223,PROD227,4,10
ITEM8258,ORD5148,PROD234,2,10
ITEM8259,ORD5438,PROD247,4,10
ITEM8260,ORD5114,PROD205,1,15
ITEM8261,ORD5394,PROD233,3,20
ITEM8262,ORD5139,PROD244,3,5
ITEM8263,ORD5371,PROD203,4,20
ITEM8264,ORD5496,PROD240,4,5
ITEM8265,ORD5177,PROD222,4,15
ITEM8266,ORD5262,PROD228,3,5
ITEM8267,ORD5051,PROD235,3,20
ITEM8268,ORD5203,PROD214,3,15
ITEM8269,ORD5276,PROD225,1,5
ITEM8270,ORD5218,PROD247,2,10
ITEM8271,ORD5019,PROD208,1,10
ITEM8272,ORD5280,PROD205,3,0
ITEM8273,ORD5122,PROD235,2,0
ITEM8274,ORD5462,PROD202,1,20
ITEM8275,ORD5446,PROD227,3,0
ITEM8276,ORD5237,PROD203,3,0
ITEM8277,ORD5116,PROD212,3,10
ITEM8278,ORD5356,PROD239,3,15
ITEM8279,ORD5035,PROD222,4,0
ITEM8280,ORD5442,PROD221,4,15
ITEM8281,ORD5187,PROD222,2,20
ITEM8282,ORD5492,PROD209,4,10
ITEM8283,ORD5280,PROD200,2,10
ITEM8284,ORD5297,PROD217,3,5
ITEM8285,ORD5465,PROD225,4,5
ITEM8286,ORD5126,PROD239,3,5
ITEM8287,ORD5474,PROD204,1,0
ITEM8288,ORD5257,PROD225,2,0
ITEM8289,ORD5262,PROD230,2,15
ITEM8290,ORD5481,PROD249,4,20
ITEM8291,ORD5123,PROD240,2,10
ITEM8292,ORD5245,PROD202,2,20
ITEM8293,ORD5341,PROD240,2,20
ITEM8294,ORD5285,PROD246,3,0
ITEM8295,ORD5177,PROD205,3,10
ITEM8296,ORD5061,PROD249,4,5
ITEM8297,ORD5191,PROD219,3,15
ITEM8298,ORD5476,PROD226,2,10
ITEM8299,ORD5340,PROD229,2,10
ITEM8300,ORD5154,PROD233,4,10
ITEM8301,ORD5235,PROD220,3,10
ITEM8302,ORD5271,PROD216,2,5
ITEM8303,ORD5356,PROD232,3,0
ITEM8304,ORD5131,PROD248,3,5
ITEM8305,ORD5091,PROD228,3,20
ITEM8306,ORD5299,PROD204,1,15
ITEM8307,ORD5355,PROD202,3,20
ITEM8308,ORD5428,PROD248,1,15
ITEM8309,ORD5095,PROD214,2,5
ITEM8310,ORD5215,PROD214,4,20
ITEM8311,ORD5031,PROD248,1,10
ITEM8312,ORD5009,PROD204,2,20
ITEM8313,ORD5357,PROD247,1,5
ITEM8314,ORD5016,PROD243,4,10
ITEM8315,ORD5345,PROD236,3,0
ITEM8316,ORD5111,PROD229,4,10
ITEM8317,ORD5258,PROD222,1,0
ITEM8318,ORD5416,PROD242,1,15
ITEM8319,ORD5056,PROD245,2,20
ITEM8320,ORD5437,PROD201,2,5
ITEM8321,ORD5390,PROD236,4,0
ITEM8322,ORD5338,PROD215,4,10
ITEM8323,ORD5156,PROD204,2,15
ITEM8324,ORD5160,PROD228,3,15
ITEM8325,ORD5262,PROD221,1,20
ITEM8326,ORD5357,PROD207,3,20
ITEM8327,ORD5150,PROD214,2,5
ITEM8328,ORD5218,PROD241,2,10
ITEM8329,ORD5095,PROD235,2,20
ITEM8330,ORD5430,PROD236,2,10
ITEM8331,ORD5182,PROD226,2,5
ITEM8332,ORD5236,PROD248,2,15
ITEM8333,ORD5142,PROD214,3,15
ITEM8334,ORD5416,PROD214,3,15
ITEM8335,ORD5322,PROD243,2,10
ITEM8336,ORD5036,PROD231,4,10
ITEM8337,ORD5114,PROD211,4,10
ITEM8338,ORD5143,PROD220,4,10
ITEM8339,ORD5242,PROD219,3,5
ITEM8340,ORD5215,PROD223,4,15
ITEM8341,ORD5034,PROD218,3,20
ITEM8342,ORD5448,PROD224,3,10
ITEM8343,ORD5359,PROD227,1,5
ITEM8344,ORD5074,PROD200,2,10
ITEM8345,ORD5143,PROD226,4,15
ITEM8346,ORD5062,PROD246,2,5
ITEM8347,ORD5459,PROD207,3,0
ITEM8348,ORD5306,PROD240,1,0
ITEM8349,ORD5355,PROD233,1,15
ITEM8350,ORD5497,PROD224,3,10
ITEM8351,ORD5181,PROD214,1,0
ITEM8352,ORD5417,PROD212,2,20
ITEM8353,ORD5096,PROD228,3,10
ITEM8354,ORD5043,PROD215,1,20
ITEM8355,ORD5466,PROD244,1,0
ITEM8356,ORD5100,PROD207,2,5
ITEM8357,ORD5349,PROD247,3,20
ITEM8358,ORD5336,PROD236,1,5
ITEM8359,ORD5303,PROD241,4,10
ITEM8360,ORD5175,PROD211,4,10
ITEM8361,ORD5114,PROD240,4,15
ITEM8362,ORD5300,PROD206,4,5
ITEM8363,ORD5259,PROD216,4,0
ITEM8364,ORD5131,PROD211,2,10
ITEM8365,ORD5326,PROD225,2,10
ITEM8366,ORD5015,PROD227,3,0
ITEM8367,ORD5377,PROD205,2,10
ITEM8368,ORD5016,PROD204,3,0
ITEM8369,ORD5204,PROD206,2,5
ITEM8370,ORD5162,PROD203,3,0
ITEM8371,ORD5009,PROD211,4,15
ITEM8372,ORD5090,PROD235,2,15
ITEM8373,ORD5320,PROD245,4,10
ITEM8374,ORD5277,PROD223,2,15
ITEM8375,ORD5365,PROD237,3,10
ITEM8376,ORD5079,PROD201,1,5
ITEM8377,ORD5001,PROD234,2,15
ITEM8378,ORD5054,PROD229,1,10
ITEM8379,ORD5432,PROD245,2,10
ITEM8380,ORD5423,PROD237,3,0
ITEM8381,ORD5058,PROD221,2,20
ITEM8382,ORD5048,PROD234,1,0
ITEM8383,ORD5298,PROD222,3,5
ITEM8384,ORD5412,PROD237,4,5
ITEM8385,ORD5375,PROD227,3,10
ITEM8386,ORD5197,PROD248,4,0
ITEM8387,ORD5116,PROD238,2,10
ITEM8388,ORD5369,PROD236,2,20
ITEM8389,ORD5176,PROD225,2,15
ITEM8390,ORD5462,PROD216,3,20
ITEM8391,ORD5198,PROD225,4,5
ITEM8392,ORD5360,PROD231,4,20
ITEM8393,ORD5371,PROD244,2,20
ITEM8394,ORD5290,PROD234,3,15
ITEM8395,ORD5229,PROD222,3,15
ITEM8396,ORD5066,PROD206,4,10
ITEM8397,ORD5181,PROD219,4,10
ITEM8398,ORD5099,PROD223,2,10
ITEM8399,ORD5103,PROD213,3,15
ITEM8400,ORD5311,PROD238,1,0
ITEM8401,ORD5439,PROD240,1,15
ITEM8402,ORD5036,PROD201,3,5
ITEM8403,ORD5435,PROD218,1,20
ITEM8404,ORD5212,PROD247,3,15
ITEM8405,ORD5371,PROD215,4,20
ITEM8406,ORD5062,PROD229,3,15
ITEM8407,ORD5188,PROD212,3,10
ITEM8408,ORD5262,PROD218,4,0
ITEM8409,ORD5093,PROD226,4,0
ITEM8410,ORD5247,PROD206,2,0
ITEM8411,ORD5127,PROD232,1,10
ITEM8412,ORD5004,PROD204,3,15
ITEM8413,ORD5030,PROD237,2,10
ITEM8414,ORD5426,PROD227,3,20
ITEM8415,ORD5051,PROD220,1,10
ITEM8416,ORD5174,PROD202,4,15
ITEM8417,ORD5330,PROD232,2,0
ITEM8418,ORD5331,PROD241,1,15
ITEM8419,ORD5065,PROD229,1,0
ITEM8420,ORD5175,PROD240,2,10
ITEM8421,ORD5181,PROD239,3,15
ITEM8422,ORD5048,PROD241,4,15
ITEM8423,ORD5231,PROD246,1,10
ITEM8424,ORD5237,PROD249,4,20
ITEM8425,ORD5106,PROD215,3,0
ITEM8426,ORD5427,PROD248,2,5
ITEM8427,ORD5293,PROD207,4,5
ITEM8428,ORD5169,PROD247,1,20
ITEM8429,ORD5348,PROD229,2,10
ITEM8430,ORD5417,PROD225,1,15
ITEM8431,ORD5067,PROD236,2,15
ITEM8432,ORD5116,PROD228,3,0
ITEM8433,ORD5169,PROD216,4,20
ITEM8434,ORD5334,PROD200,2,10
ITEM8435,ORD5229,PROD247,4,10
ITEM8436,ORD5232,PROD246,3,15
ITEM8437,ORD5090,PROD211,4,15
ITEM8438,ORD5398,PROD237,1,0
ITEM8439,ORD5183,PROD209,2,10
ITEM8440,ORD5024,PROD216,2,15
ITEM8441,ORD5016,PROD245,2,20
ITEM8442,ORD5489,PROD201,2,5
ITEM8443,ORD5428,PROD249,4,15
ITEM8444,ORD5406,PROD207,4,10
ITEM8445,ORD5270,PROD200,1,5
ITEM8446,ORD5331,PROD215,2,5
ITEM8447,ORD5457,PROD241,1,0
ITEM8448,ORD5473,PROD213,3,5
ITEM8449,ORD5291,PROD220,4,0
ITEM8450,ORD5485,PROD232,4,10
ITEM8451,ORD5422,PROD248,1,20
ITEM8452,ORD5466,PROD236,3,0
ITEM8453,ORD5311,PROD226,4,5
ITEM8454,ORD5401,PROD204,1,15
ITEM8455,ORD5062,PROD239,2,15
ITEM8456,ORD5146,PROD238,1,10
ITEM8457,ORD5078,PROD213,2,20
ITEM8458,ORD5328,PROD235,3,0
ITEM8459,ORD5339,PROD225,1,20
ITEM8460,ORD5402,PROD205,1,5
ITEM8461,ORD5285,PROD231,3,15
ITEM8462,ORD5229,PROD229,3,5
ITEM8463,ORD5316,PROD221,2,10
ITEM8464,ORD5101,PROD219,2,15
ITEM8465,ORD5289,PROD210,4,0
ITEM8466,ORD5410,PROD220,4,15
ITEM8467,ORD5292,PROD239,3,10
ITEM8468,ORD5280,PROD222,4,10
ITEM8469,ORD5217,PROD242,3,0
ITEM8470,ORD5001,PROD208,4,10
ITEM8471,ORD5335,PROD237,4,0
ITEM8472,ORD5486,PROD205,1,10
ITEM8473,ORD5268,PROD244,2,15
ITEM8474,ORD5092,PROD245,2,5
ITEM8475,ORD5058,PROD212,4,15
ITEM8476,ORD5456,PROD229,1,15
ITEM8477,ORD5090,PROD227,1,10
ITEM8478,ORD5010,PROD214,2,0
ITEM8479,ORD5210,PROD248,1,20
ITEM8480,ORD5186,PROD200,2,5
ITEM8481,ORD5331,PROD235,4,10
ITEM8482,ORD5040,PROD244,2,15
ITEM8483,ORD5042,PROD217,2,0
ITEM8484,ORD5491,PROD217,2,0
ITEM8485,ORD5482,PROD212,3,15
ITEM8486,ORD5416,PROD235,3,15
ITEM8487,ORD5281,PROD249,4,20
ITEM8488,ORD5037,PROD208,4,0
ITEM8489,ORD5238,PROD241,1,15
ITEM8490,ORD5340,PROD204,1,20
ITEM8491,ORD5202,PROD232,2,0
ITEM8492,ORD5079,PROD232,2,10
ITEM8493,ORD5497,PROD229,4,10
ITEM8494,ORD5319,PROD205,2,20
ITEM8495,ORD5483,PROD239,1,10
ITEM8496,ORD5192,PROD218,3,5
ITEM8497,ORD5289,PROD238,3,15
ITEM8498,ORD5289,PROD230,2,5
ITEM8499,ORD5287,PROD246,4,0
ITEM8500,ORD5429,PROD221,1,0
ITEM8501,ORD5323,PROD219,4,0
ITEM8502,ORD5233,PROD231,2,20
ITEM8503,ORD5145,PROD209,1,15
ITEM8504,ORD5416,PROD209,4,15
ITEM8505,ORD5035,PROD233,2,0
ITEM8506,ORD5393,PROD206,4,20
ITEM8507,ORD5353,PROD214,3,0
ITEM8508,ORD5436,PROD229,3,20
ITEM8509,ORD5267,PROD243,4,5
ITEM8510,ORD5047,PROD200,2,5
ITEM8511,ORD5004,PROD232,3,15
ITEM8512,ORD5355,PROD240,1,10
ITEM8513,ORD5207,PROD238,3,10
ITEM8514,ORD5384,PROD223,4,0
ITEM8515,ORD5398,PROD214,3,20
ITEM8516,ORD5278,PROD218,1,20
ITEM8517,ORD5146,PROD221,4,5
ITEM8518,ORD5498,PROD236,1,0
ITEM8519,ORD5288,PROD216,1,0
ITEM8520,ORD5484,PROD213,4,20
ITEM8521,ORD5007,PROD219,3,15
ITEM8522,ORD5017,PROD208,1,15
ITEM8523,ORD5338,PROD249,1,10
ITEM8524,ORD5266,PROD204,2,20
ITEM8525,ORD5211,PROD207,4,0
ITEM8526,ORD5212,PROD208,2,20
ITEM8527,ORD5254,PROD233,3,15
ITEM8528,ORD5145,PROD243,1,15
ITEM8529,ORD5253,PROD216,3,5
ITEM8530,ORD5265,PROD235,1,15
ITEM8531,ORD5483,PROD220,1,15
ITEM8532,ORD5458,PROD245,4,0
ITEM8533,ORD5176,PROD206,1,15
ITEM8534,ORD5452,PROD232,4,10
ITEM8535,ORD5109,PROD203,1,10
ITEM8536,ORD5165,PROD201,2,0
ITEM8537,ORD5165,PROD238,3,20
ITEM8538,ORD5222,PROD222,1,10
ITEM8539,ORD5078,PROD241,3,10
ITEM8540,ORD5038,PROD249,2,0
ITEM8541,ORD5412,PROD241,3,5
ITEM8542,ORD5099,PROD212,2,15
ITEM8543,ORD5423,PROD234,4,0
ITEM8544,ORD5434,PROD214,2,20
ITEM8545,ORD5072,PROD236,4,20
ITEM8546,ORD5441,PROD241,3,10
ITEM8547,ORD5372,PROD200,4,10
ITEM8548,ORD5435,PROD207,1,5
ITEM8549,ORD5101,PROD217,1,5
ITEM8550,ORD5476,PROD249,3,0
ITEM8551,ORD5178,PROD219,1,5
ITEM8552,ORD5445,PROD214,3,10
ITEM8553,ORD5408,PROD215,2,0
ITEM8554,ORD5306,PROD210,3,10
ITEM8555,ORD5376,PROD248,2,10
ITEM8556,ORD5233,PROD211,2,0
ITEM8557,ORD5076,PROD246,2,5
ITEM8558,ORD5036,PROD200,2,5
ITEM8559,ORD5410,PROD240,1,0
ITEM8560,ORD5060,PROD218,3,10
ITEM8561,ORD5084,PROD235,3,15
ITEM8562,ORD5345,PROD235,3,10
ITEM8563,ORD5414,PROD200,2,15
ITEM8564,ORD5096,PROD235,3,10
ITEM8565,ORD5063,PROD221,4,10
ITEM8566,ORD5344,PROD231,4,20
ITEM8567,ORD5116,PROD205,1,10
ITEM8568,ORD5255,PROD235,2,5
ITEM8569,ORD5102,PROD227,4,15
ITEM8570,ORD5386,PROD231,1,10
ITEM8571,ORD5435,PROD240,1,15
ITEM8572,ORD5201,PROD210,3,0
ITEM8573,ORD5086,PROD238,4,0
ITEM8574,ORD5258,PROD216,1,0
ITEM8575,ORD5290,PROD208,1,5
ITEM8576,ORD5299,PROD248,4,0
ITEM8577,ORD5092,PROD203,1,5
ITEM8578,ORD5375,PROD213,2,20
ITEM8579,ORD5176,PROD236,4,5
ITEM8580,ORD5096,PROD231,4,20
ITEM8581,ORD5423,PROD246,4,5
ITEM8582,ORD5135,PROD230,4,20
ITEM8583,ORD5181,PROD239,2,5
ITEM8584,ORD5106,PROD249,1,15
ITEM8585,ORD5249,PROD242,2,0
ITEM8586,ORD5425,PROD228,4,0
ITEM8587,ORD5017,PROD234,3,0
ITEM8588,ORD5459,PROD238,4,10
ITEM8589,ORD5224,PROD222,1,15
ITEM8590,ORD5439,PROD220,1,5
ITEM8591,ORD5172,PROD227,1,0
ITEM8592,ORD5324,PROD210,1,20
ITEM8593,ORD5137,PROD221,2,5
ITEM8594,ORD5325,PROD231,4,0
ITEM8595,ORD5123,PROD209,2,0
ITEM8596,ORD5410,PROD232,2,5
ITEM8597,ORD5340,PROD200,1,5
ITEM8598,ORD5055,PROD247,2,0
ITEM8599,ORD5257,PROD237,1,10
ITEM8600,ORD5412,PROD235,2,15
ITEM8601,ORD5271,PROD244,4,10
ITEM8602,ORD5189,PROD200,2,15
ITEM8603,ORD5210,PROD214,1,10
ITEM8604,ORD5382,PROD216,4,20
ITEM8605,ORD5078,PROD211,1,0
ITEM8606,ORD5380,PROD218,1,15
ITEM8607,ORD5076,PROD222,4,0
ITEM8608,ORD5043,PROD201,2,10
ITEM8609,ORD5138,PROD239,3,15
ITEM8610,ORD5391,PROD211,1,20
ITEM8611,ORD5424,PROD206,2,10
ITEM8612,ORD5111,PROD243,4,0
ITEM8613,ORD5311,PROD235,2,10
ITEM8614,ORD5251,PROD239,4,0
ITEM8615,ORD5245,PROD226,2,10
ITEM8616,ORD5042,PROD233,3,10
ITEM8617,ORD5280,PROD200,3,10
ITEM8618,ORD5176,PROD217,4,15
ITEM8619,ORD5124,PROD223,1,0
ITEM8620,ORD5148,PROD227,1,0
ITEM8621,ORD5192,PROD234,3,10
ITEM8622,ORD5070,PROD239,2,5
ITEM8623,ORD5493,PROD212,3,10
ITEM8624,ORD5311,PROD219,4,20
ITEM8625,ORD5424,PROD238,3,5
ITEM8626,ORD5245,PROD209,1,10
ITEM8627,ORD5076,PROD238,3,10
ITEM8628,ORD5294,PROD238,4,10
ITEM8629,ORD5315,PROD201,3,15
ITEM8630,ORD5252,PROD218,1,5
ITEM8631,ORD5164,PROD245,4,10
ITEM8632,ORD5226,PROD248,4,10
ITEM8633,ORD5431,PROD211,2,15
ITEM8634,ORD5137,PROD204,4,15
ITEM8635,ORD5336,PROD236,3,5
ITEM8636,ORD5055,PROD220,1,10
ITEM8637,ORD5414,PROD213,4,5
ITEM8638,ORD5155,PROD215,2,20
ITEM8639,ORD5066,PROD234,4,10
ITEM8640,ORD5264,PROD214,3,5
ITEM8641,ORD5438,PROD209,2,10
ITEM8642,ORD5357,PROD232,4,5
ITEM8643,ORD5137,PROD243,3,5
ITEM8644,ORD5354,PROD208,2,15
ITEM8645,ORD5285,PROD223,1,0
ITEM8646,ORD5226,PROD237,3,15
ITEM8647,ORD5335,PROD208,2,10
ITEM8648,ORD5052,PROD216,1,0
ITEM8649,ORD5255,PROD247,1,5
ITEM8650,ORD5333,PROD234,2,5
ITEM8651,ORD5443,PROD208,1,10
ITEM8652,ORD5303,PROD236,2,15
ITEM8653,ORD5208,PROD233,4,20
ITEM8654,ORD5499,PROD238,2,15
ITEM8655,ORD5229,PROD243,1,10
ITEM8656,ORD5438,PROD208,1,20
ITEM8657,ORD5380,PROD226,2,0
ITEM8658,ORD5002,PROD239,3,5
ITEM8659,ORD5100,PROD203,3,10
ITEM8660,ORD5485,PROD237,2,0
ITEM8661,ORD5123,PROD202,3,20
ITEM8662,ORD5096,PROD226,3,0
ITEM8663,ORD5005,PROD234,3,20
ITEM8664,ORD5230,PROD204,4,5
ITEM8665,ORD5488,PROD242,1,15
ITEM8666,ORD5031,PROD208,4,15
ITEM8667,ORD5017,PROD205,3,5
ITEM8668,ORD5043,PROD201,2,15
ITEM8669,ORD5400,PROD215,3,20
ITEM8670,ORD5333,PROD222,4,15
ITEM8671,ORD5286,PROD216,2,20
ITEM8672,ORD5422,PROD209,2,15
ITEM8673,ORD5268,PROD247,3,20
ITEM8674,ORD5204,PROD200,3,0
ITEM8675,ORD5127,PROD211,2,20
ITEM8676,ORD5359,PROD249,3,0
ITEM8677,ORD5173,PROD226,2,10
ITEM8678,ORD5131,PROD249,3,5
ITEM8679,ORD5287,PROD207,2,20
ITEM8680,ORD5049,PROD223,3,10
ITEM8681,ORD5437,PROD244,1,0
ITEM8682,ORD5134,PROD227,4,10
ITEM8683,ORD5129,PROD224,2,5
ITEM8684,ORD5132,PROD238,1,20
ITEM8685,ORD5173,PROD222,2,10
ITEM8686,ORD5471,PROD214,1,5
ITEM8687,ORD5143,PROD245,2,10
ITEM8688,ORD5091,PROD248,3,20
ITEM8689,ORD5254,PROD232,3,10
ITEM8690,ORD5462,PROD208,4,5
ITEM8691,ORD5414,PROD205,1,5
ITEM8692,ORD5394,PROD238,1,10
ITEM8693,ORD5100,PROD234,2,20
ITEM8694,ORD5008,PROD205,3,5
ITEM8695,ORD5322,PROD214,3,15
ITEM8696,ORD5032,PROD211,2,20
ITEM8697,ORD5136,PROD247,1,15
ITEM8698,ORD5418,PROD205,4,20
ITEM8699,ORD5328,PROD233,2,10
ITEM8700,ORD5253,PROD218,1,15
ITEM8701,ORD5421,PROD247,4,15
ITEM8702,ORD5001,PROD213,4,15
ITEM8703,ORD5031,PROD245,2,10
ITEM8704,ORD5169,PROD216,3,10
ITEM8705,ORD5275,PROD207,3,5
ITEM8706,ORD5256,PROD248,1,20
ITEM8707,ORD5423,PROD249,2,15
ITEM8708,ORD5413,PROD216,4,15
ITEM8709,ORD5480,PROD240,2,0
ITEM8710,ORD5361,PROD230,4,5
ITEM8711,ORD5262,PROD223,1,15
ITEM8712,ORD5316,PROD208,3,15
ITEM8713,ORD5318,PROD243,3,20
ITEM8714,ORD5476,PROD212,3,5
ITEM8715,ORD5421,PROD246,4,10
ITEM8716,ORD5071,PROD246,3,15
ITEM8717,ORD5132,PROD228,3,20
ITEM8718,ORD5303,PROD232,2,10
ITEM8719,ORD5479,PROD234,1,5
ITEM8720,ORD5417,PROD235,4,10
ITEM8721,ORD5451,PROD221,4,20
ITEM8722,ORD5340,PROD229,3,15
ITEM8723,ORD5181,PROD225,3,15
ITEM8724,ORD5311,PROD240,4,10
ITEM8725,ORD5283,PROD220,4,15
ITEM8726,ORD5367,PROD221,2,20
ITEM8727,ORD5269,PROD242,4,15
ITEM8728,ORD5005,PROD207,1,5
ITEM8729,ORD5098,PROD224,1,20
ITEM8730,ORD5471,PROD204,3,20
ITEM8731,ORD5327,PROD235,4,10
ITEM8732,ORD5179,PROD212,3,5
ITEM8733,ORD5207,PROD217,2,0
ITEM8734,ORD5269,PROD243,4,20
ITEM8735,ORD5044,PROD235,1,0
ITEM8736,ORD5001,PROD210,4,10
ITEM8737,ORD5031,PROD209,3,5
ITEM8738,ORD5454,PROD244,4,20
ITEM8739,ORD5449,PROD221,2,15
ITEM8740,ORD5361,PROD237,3,5
ITEM8741,ORD5065,PROD221,4,20
ITEM8742,ORD5385,PROD221,1,0
ITEM8743,ORD5370,PROD220,2,5
ITEM8744,ORD5212,PROD240,4,20
ITEM8745,ORD5062,PROD229,4,10
ITEM8746,ORD5201,PROD212,4,0
ITEM8747,ORD5093,PROD235,1,20
ITEM8748,ORD5446,PROD242,2,0
ITEM8749,ORD5400,PROD204,1,20
ITEM8750,ORD5316,PROD240,2,10
ITEM8751,ORD5483,PROD222,1,20
ITEM8752,ORD5005,PROD221,2,15
ITEM8753,ORD5213,PROD214,3,5
ITEM8754,ORD5440,PROD207,4,0
ITEM8755,ORD5143,PROD215,2,5
ITEM8756,ORD5200,PROD245,2,15
ITEM8757,ORD5027,PROD242,4,20
ITEM8758,ORD5432,PROD218,2,15
ITEM8759,ORD5292,PROD248,4,0
ITEM8760,ORD5396,PROD203,4,15
ITEM8761,ORD5389,PROD219,1,20
ITEM8762,ORD5441,PROD210,1,15
ITEM8763,ORD5283,PROD210,2,15
ITEM8764,ORD5020,PROD238,4,5
ITEM8765,ORD5443,PROD208,3,20
ITEM8766,ORD5134,PROD247,1,20
ITEM8767,ORD5391,PROD245,3,5
ITEM8768,ORD5359,PROD202,1,10
ITEM8769,ORD5377,PROD221,1,15
ITEM8770,ORD5169,PROD206,2,10
ITEM8771,ORD5014,PROD214,3,15
ITEM8772,ORD5117,PROD240,4,10
ITEM8773,ORD5361,PROD219,2,15
ITEM8774,ORD5444,PROD237,2,10
ITEM8775,ORD5252,PROD203,1,10
ITEM8776,ORD5082,PROD210,4,10
ITEM8777,ORD5092,PROD249,2,0
ITEM8778,ORD5435,PROD220,1,5
ITEM8779,ORD5279,PROD245,2,15
ITEM8780,ORD5289,PROD240,2,15
ITEM8781,ORD5044,PROD210,4,5
ITEM8782,ORD5167,PROD243,3,10
ITEM8783,ORD5278,PROD216,2,10
ITEM8784,ORD5410,PROD248,2,5
ITEM8785,ORD5158,PROD232,2,10
ITEM8786,ORD5156,PROD201,2,10
ITEM8787,ORD5417,PROD237,2,20
ITEM8788,ORD5110,PROD232,4,10
ITEM8789,ORD5474,PROD233,2,15
ITEM8790,ORD5310,PROD219,2,15
ITEM8791,ORD5369,PROD211,4,15
ITEM8792,ORD5382,PROD223,1,0
ITEM8793,ORD5077,PROD200,3,20
ITEM8794,ORD5041,PROD209,4,15
ITEM8795,ORD5497,PROD230,1,15
ITEM8796,ORD5154,PROD217,1,20
ITEM8797,ORD5069,PROD222,2,15
ITEM8798,ORD5341,PROD240,4,20
ITEM8799,ORD5117,PROD218,4,0
ITEM8800,ORD5313,PROD203,3,15
ITEM8801,ORD5022,PROD247,3,10
ITEM8802,ORD5340,PROD223,4,0
ITEM8803,ORD5325,PROD200,1,20
ITEM8804,ORD5353,PROD217,4,20
ITEM8805,ORD5438,PROD237,3,20
ITEM8806,ORD5045,PROD210,4,5
ITEM8807,ORD5395,PROD222,3,5
ITEM8808,ORD5319,PROD211,4,0
ITEM8809,ORD5236,PROD224,2,5
ITEM8810,ORD5152,PROD247,1,5
ITEM8811,ORD5107,PROD246,3,0
ITEM8812,ORD5225,PROD214,3,10
ITEM8813,ORD5260,PROD221,4,0
ITEM8814,ORD5402,PROD212,2,10
ITEM8815,ORD5388,PROD222,2,10
ITEM8816,ORD5329,PROD221,1,10
ITEM8817,ORD5193,PROD239,4,5
ITEM8818,ORD5003,PROD217,2,5
ITEM8819,ORD5495,PROD217,1,20
ITEM8820,ORD5208,PROD213,2,5
ITEM8821,ORD5403,PROD243,3,15
ITEM8822,ORD5323,PROD206,2,0
ITEM8823,ORD5401,PROD212,4,0
ITEM8824,ORD5383,PROD207,2,20
ITEM8825,ORD5178,PROD249,2,0
ITEM8826,ORD5220,PROD244,4,10
ITEM8827,ORD5283,PROD238,4,0
ITEM8828,ORD5035,PROD240,4,0
ITEM8829,ORD5412,PROD229,3,20
ITEM8830,ORD5364,PROD226,2,10
ITEM8831,ORD5338,PROD219,4,10
ITEM8832,ORD5474,PROD204,4,5
ITEM8833,ORD5181,PROD202,3,15
ITEM8834,ORD5220,PROD208,1,15
ITEM8835,ORD5255,PROD241,3,10
ITEM8836,ORD5434,PROD231,1,15
ITEM8837,ORD5426,PROD244,1,0
ITEM8838,ORD5496,PROD217,4,15
ITEM8839,ORD5097,PROD201,1,20
ITEM8840,ORD5393,PROD232,2,5
ITEM8841,ORD5207,PROD205,2,10
ITEM8842,ORD5442,PROD228,3,0
ITEM8843,ORD5081,PROD246,1,20
ITEM8844,ORD5202,PROD210,3,20
ITEM8845,ORD5230,PROD236,1,20
ITEM8846,ORD5309,PROD238,3,20
ITEM8847,ORD5308,PROD229,1,0
ITEM8848,ORD5442,PROD237,1,15
ITEM8849,ORD5245,PROD214,2,15
ITEM8850,ORD5302,PROD208,3,15
ITEM8851,ORD5491,PROD201,1,20
ITEM8852,ORD5484,PROD205,4,5
ITEM8853,ORD5029,PROD232,3,15
ITEM8854,ORD5393,PROD245,1,5
ITEM8855,ORD5359,PROD226,4,0
ITEM8856,ORD5145,PROD217,3,5
ITEM8857,ORD5265,PROD224,2,10
ITEM8858,ORD5328,PROD248,4,20
ITEM8859,ORD5204,PROD240,3,5
ITEM8860,ORD5081,PROD212,2,20
ITEM8861,ORD5238,PROD223,4,10
ITEM8862,ORD5337,PROD209,3,5
ITEM8863,ORD5283,PROD205,4,15
ITEM8864,ORD5321,PROD226,1,20
ITEM8865,ORD5442,PROD241,2,20
ITEM8866,ORD5382,PROD247,2,15
ITEM8867,ORD5252,PROD212,1,5
ITEM8868,ORD5464,PROD240,4,0
ITEM8869,ORD5157,PROD224,2,15
ITEM8870,ORD5140,PROD209,4,0
ITEM8871,ORD5083,PROD213,3,5
ITEM8872,ORD5200,PROD215,2,15
ITEM8873,ORD5221,PROD215,4,5
ITEM8874,ORD5327,PROD245,1,20
ITEM8875,ORD5159,PROD205,1,0
ITEM8876,ORD5264,PROD226,1,20
ITEM8877,ORD5443,PROD212,1,5
ITEM8878,ORD5302,PROD228,2,0
ITEM8879,ORD5037,PROD224,4,5
ITEM8880,ORD5002,PROD249,1,10
ITEM8881,ORD5183,PROD208,2,15
ITEM8882,ORD5347,PROD206,1,0
ITEM8883,ORD5180,PROD212,1,5
ITEM8884,ORD5447,PROD249,1,15
ITEM8885,ORD5022,PROD202,3,10
ITEM8886,ORD5020,PROD223,3,15
ITEM8887,ORD5050,PROD218,2,20
ITEM8888,ORD5279,PROD209,4,5
ITEM8889,ORD5299,PROD221,4,5
ITEM8890,ORD5009,PROD224,4,20
ITEM8891,ORD5036,PROD208,1,15
ITEM8892,ORD5069,PROD229,3,10
ITEM8893,ORD5048,PROD227,4,0
ITEM8894,ORD5485,PROD207,4,15
ITEM8895,ORD5436,PROD209,4,0
ITEM8896,ORD5288,PROD203,1,15
ITEM8897,ORD5131,PROD234,1,20
ITEM8898,ORD5026,PROD213,2,20
ITEM8899,ORD5013,PROD202,4,5
ITEM8900,ORD5308,PROD205,3,15
ITEM8901,ORD5254,PROD230,1,0
ITEM8902,ORD5483,PROD215,4,0
ITEM8903,ORD5091,PROD224,3,0
ITEM8904,ORD5448,PROD200,4,5
ITEM8905,ORD5386,PROD223,4,5
ITEM8906,ORD5398,PROD210,4,10
ITEM8907,ORD5373,PROD210,4,15
ITEM8908,ORD5491,PROD228,4,20
ITEM8909,ORD5475,PROD202,3,15
ITEM8910,ORD5220,PROD241,2,0
ITEM8911,ORD5041,PROD246,3,15
ITEM8912,ORD5040,PROD207,4,20
ITEM8913,ORD5242,PROD202,1,10
ITEM8914,ORD5259,PROD247,2,15
ITEM8915,ORD5384,PROD241,3,15
ITEM8916,ORD5004,PROD246,3,0
ITEM8917,ORD5360,PROD209,3,10
ITEM8918,ORD5402,PROD238,2,5
ITEM8919,ORD5431,PROD239,2,10
ITEM8920,ORD5227,PROD249,2,0
ITEM8921,ORD5357,PROD225,3,5
ITEM8922,ORD5438,PROD248,3,15
ITEM8923,ORD5200,PROD240,3,0
ITEM8924,ORD5026,PROD204,3,0
ITEM8925,ORD5312,PROD218,3,10
ITEM8926,ORD5124,PROD249,2,10
ITEM8927,ORD5121,PROD208,2,0
ITEM8928,ORD5113,PROD201,3,15
ITEM8929,ORD5216,PROD241,2,5
ITEM8930,ORD5215,PROD204,4,5
ITEM8931,ORD5283,PROD217,2,0
ITEM8932,ORD5112,PROD238,2,5
ITEM8933,ORD5337,PROD246,4,20
ITEM8934,ORD5451,PROD217,1,20
ITEM8935,ORD5251,PROD206,3,0
ITEM8936,ORD5201,PROD213,4,0
ITEM8937,ORD5217,PROD210,4,0
ITEM8938,ORD5068,PROD244,2,10
ITEM8939,ORD5409,PROD233,3,15
ITEM8940,ORD5029,PROD218,2,0
ITEM8941,ORD5249,PROD247,4,20
ITEM8942,ORD5062,PROD217,4,10
ITEM8943,ORD5251,PROD202,4,0
ITEM8944,ORD5027,PROD225,4,5
ITEM8945,ORD5034,PROD206,4,15
ITEM8946,ORD5170,PROD246,1,15
ITEM8947,ORD5442,PROD203,3,15
ITEM8948,ORD5424,PROD222,3,5
ITEM8949,ORD5231,PROD228,4,0
ITEM8950,ORD5093,PROD249,2,15
ITEM8951,ORD5186,PROD247,4,10
ITEM8952,ORD5377,PROD201,1,20
ITEM8953,ORD5177,PROD206,4,0
ITEM8954,ORD5149,PROD232,4,10
ITEM8955,ORD5021,PROD246,1,0
ITEM8956,ORD5321,PROD215,2,5
ITEM8957,ORD5064,PROD206,2,10
ITEM8958,ORD5198,PROD221,3,10
ITEM8959,ORD5418,PROD207,2,10
ITEM8960,ORD5348,PROD237,2,10
ITEM8961,ORD5422,PROD218,1,20
ITEM8962,ORD5318,PROD221,4,10
ITEM8963,ORD5432,PROD235,4,15
ITEM8964,ORD5096,PROD212,4,5
ITEM8965,ORD5287,PROD204,2,20
ITEM8966,ORD5279,PROD214,3,10
ITEM8967,ORD5410,PROD220,4,0
ITEM8968,ORD5032,PROD214,2,5
ITEM8969,ORD5496,PROD219,2,0
ITEM8970,ORD5248,PROD223,2,10
ITEM8971,ORD5211,PROD203,4,15
ITEM8972,ORD5033,PROD233,3,15
ITEM8973,ORD5237,PROD249,3,0
ITEM8974,ORD5245,PROD211,4,15
ITEM8975,ORD5105,PROD239,2,5
ITEM8976,ORD5024,PROD215,4,20
ITEM8977,ORD5231,PROD202,3,20
ITEM8978,ORD5150,PROD207,2,0
ITEM8979,ORD5072,PROD225,3,0
ITEM8980,ORD5275,PROD206,3,10
ITEM8981,ORD5200,PROD221,3,0
ITEM8982,ORD5240,PROD201,1,20
ITEM8983,ORD5014,PROD213,1,10
ITEM8984,ORD5119,PROD201,2,20
ITEM8985,ORD5084,PROD238,4,20
ITEM8986,ORD5461,PROD207,3,10
ITEM8987,ORD5149,PROD212,3,0
ITEM8988,ORD5176,PROD236,4,10
ITEM8989,ORD5285,PROD235,1,10
ITEM8990,ORD5204,PROD244,4,0
ITEM8991,ORD5018,PROD229,2,5
ITEM8992,ORD5086,PROD200,1,5
ITEM8993,ORD5491,PROD249,1,5
ITEM8994,ORD5373,PROD222,4,10
ITEM8995,ORD5388,PROD214,4,10
ITEM8996,ORD5473,PROD235,1,10
ITEM8997,ORD5095,PROD215,3,20
ITEM8998,ORD5049,PROD220,2,5
ITEM8999,ORD5345,PROD218,1,15
ITEM9000,ORD5380,PROD228,1,10
ITEM9001,ORD5024,PROD245,4,0
ITEM9002,ORD5434,PROD212,4,0
ITEM9003,ORD5179,PROD221,2,15
ITEM9004,ORD5142,PROD231,3,0
ITEM9005,ORD5203,PROD229,4,10
ITEM9006,ORD5192,PROD216,2,15
ITEM9007,ORD5074,PROD248,3,15
ITEM9008,ORD5066,PROD224,4,5
ITEM9009,ORD5387,PROD204,1,10
ITEM9010,ORD5397,PROD230,4,5
ITEM9011,ORD5364,PROD227,2,10
ITEM9012,ORD5454,PROD207,4,10
ITEM9013,ORD5421,PROD244,3,0
ITEM9014,ORD5482,PROD224,2,20
ITEM9015,ORD5132,PROD206,4,20
ITEM9016,ORD5418,PROD200,2,10
ITEM9017,ORD5161,PROD203,4,20
ITEM9018,ORD5318,PROD209,4,20
ITEM9019,ORD5058,PROD210,3,20
ITEM9020,ORD5341,PROD216,3,15
ITEM9021,ORD5390,PROD241,3,5
ITEM9022,ORD5331,PROD236,1,10
ITEM9023,ORD5463,PROD235,4,10
ITEM9024,ORD5228,PROD221,1,5
ITEM9025,ORD5277,PROD232,4,20
ITEM9026,ORD5187,PROD232,1,0
ITEM9027,ORD5172,PROD200,3,10
ITEM9028,ORD5323,PROD202,4,15
ITEM9029,ORD5472,PROD214,4,20
ITEM9030,ORD5132,PROD235,2,5
ITEM9031,ORD5016,PROD207,4,5
ITEM9032,ORD5108,PROD209,3,20
ITEM9033,ORD5464,PROD241,1,10
ITEM9034,ORD5383,PROD208,4,0
ITEM9035,ORD5409,PROD243,4,0
ITEM9036,ORD5356,PROD226,2,15
ITEM9037,ORD5029,PROD222,3,15
ITEM9038,ORD5045,PROD213,3,5
ITEM9039,ORD5492,PROD227,3,0
ITEM9040,ORD5347,PROD217,3,20
ITEM9041,ORD5035,PROD239,4,15
ITEM9042,ORD5226,PROD204,4,10
ITEM9043,ORD5025,PROD238,3,10
ITEM9044,ORD5455,PROD238,2,10
ITEM9045,ORD5027,PROD207,3,10
ITEM9046,ORD5220,PROD244,3,0
ITEM9047,ORD5355,PROD238,2,10
ITEM9048,ORD5147,PROD221,4,5
ITEM9049,ORD5281,PROD244,3,15
ITEM9050,ORD5099,PROD248,2,5
ITEM9051,ORD5337,PROD244,4,20
ITEM9052,ORD5210,PROD239,1,10
ITEM9053,ORD5477,PROD211,3,5
ITEM9054,ORD5407,PROD226,1,10
ITEM9055,ORD5043,PROD243,4,10
ITEM9056,ORD5218,PROD208,3,0
ITEM9057,ORD5175,PROD245,4,20
ITEM9058,ORD5229,PROD220,2,15
ITEM9059,ORD5153,PROD223,2,5
ITEM9060,ORD5123,PROD240,2,20
ITEM9061,ORD5079,PROD228,1,10
ITEM9062,ORD5304,PROD209,2,5
ITEM9063,ORD5356,PROD237,2,5
ITEM9064,ORD5285,PROD223,2,20
ITEM9065,ORD5344,PROD201,4,15
ITEM9066,ORD5027,PROD246,3,20
ITEM9067,ORD5366,PROD205,4,20
ITEM9068,ORD5064,PROD229,4,20
ITEM9069,ORD5251,PROD207,4,0
ITEM9070,ORD5266,PROD236,4,0
ITEM9071,ORD5028,PROD210,1,10
ITEM9072,ORD5200,PROD218,3,5
ITEM9073,ORD5235,PROD249,2,15
ITEM9074,ORD5322,PROD232,1,5
ITEM9075,ORD5324,PROD221,3,10
ITEM9076,ORD5024,PROD216,1,15
ITEM9077,ORD5070,PROD218,2,0
ITEM9078,ORD5430,PROD248,1,0
ITEM9079,ORD5433,PROD218,3,20
ITEM9080,ORD5251,PROD229,2,15
ITEM9081,ORD5437,PROD201,2,10
ITEM9082,ORD5062,PROD245,2,10
ITEM9083,ORD5037,PROD216,1,0
ITEM9084,ORD5005,PROD205,2,20
ITEM9085,ORD5466,PROD208,3,10
ITEM9086,ORD5199,PROD244,2,5
ITEM9087,ORD5396,PROD205,4,10
ITEM9088,ORD5469,PROD246,3,10
ITEM9089,ORD5461,PROD223,2,10
ITEM9090,ORD5219,PROD214,1,0
ITEM9091,ORD5186,PROD234,2,5
ITEM9092,ORD5494,PROD233,2,0
ITEM9093,ORD5110,PROD227,3,5
ITEM9094,ORD5156,PROD213,3,5
ITEM9095,ORD5010,PROD217,4,0
ITEM9096,ORD5144,PROD245,3,0
ITEM9097,ORD5115,PROD218,2,5
ITEM9098,ORD5431,PROD213,2,5
ITEM9099,ORD5322,PROD244,1,0
ITEM9100,ORD5302,PROD214,1,0
ITEM9101,ORD5153,PROD203,4,10
ITEM9102,ORD5323,PROD226,4,0
ITEM9103,ORD5142,PROD203,3,0
ITEM9104,ORD5038,PROD224,2,10
ITEM9105,ORD5155,PROD219,4,10
ITEM9106,ORD5387,PROD227,3,15
ITEM9107,ORD5325,PROD229,1,5
ITEM9108,ORD5270,PROD235,2,20
ITEM9109,ORD5184,PROD210,1,0
ITEM9110,ORD5091,PROD201,3,10
ITEM9111,ORD5440,PROD213,3,10
ITEM9112,ORD5060,PROD201,4,15
ITEM9113,ORD5415,PROD206,3,5
ITEM9114,ORD5251,PROD240,3,20
ITEM9115,ORD5427,PROD212,3,0
ITEM9116,ORD5144,PROD224,4,5
ITEM9117,ORD5455,PROD243,1,10
ITEM9118,ORD5352,PROD224,3,10
ITEM9119,ORD5019,PROD212,4,0
ITEM9120,ORD5418,PROD247,4,5
ITEM9121,ORD5191,PROD229,3,15
ITEM9122,ORD5126,PROD234,2,20
ITEM9123,ORD5411,PROD242,1,5
ITEM9124,ORD5014,PROD223,1,15
ITEM9125,ORD5319,PROD249,1,5
ITEM9126,ORD5398,PROD239,4,10
ITEM9127,ORD5279,PROD215,2,0
ITEM9128,ORD5395,PROD219,1,0
ITEM9129,ORD5414,PROD234,1,10
ITEM9130,ORD5417,PROD224,1,15
ITEM9131,ORD5161,PROD214,1,20
ITEM9132,ORD5421,PROD204,2,10
ITEM9133,ORD5272,PROD209,2,5
ITEM9134,ORD5231,PROD244,1,5
ITEM9135,ORD5198,PROD217,1,15
ITEM9136,ORD5283,PROD212,1,15
ITEM9137,ORD5218,PROD229,2,10
ITEM9138,ORD5352,PROD234,4,20
ITEM9139,ORD5159,PROD224,4,15
ITEM9140,ORD5093,PROD207,4,20
ITEM9141,ORD5201,PROD221,4,20
ITEM9142,ORD5186,PROD208,1,0
ITEM9143,ORD5194,PROD218,1,5
ITEM9144,ORD5113,PROD240,4,20
ITEM9145,ORD5251,PROD229,4,0
ITEM9146,ORD5078,PROD237,3,15
ITEM9147,ORD5002,PROD211,1,5
ITEM9148,ORD5447,PROD205,3,20
ITEM9149,ORD5348,PROD246,2,10
ITEM9150,ORD5305,PROD218,1,20
ITEM9151,ORD5421,PROD221,2,5
ITEM9152,ORD5005,PROD206,1,15
ITEM9153,ORD5141,PROD200,3,20
ITEM9154,ORD5220,PROD218,4,15
ITEM9155,ORD5193,PROD200,4,15
ITEM9156,ORD5158,PROD215,1,5
ITEM9157,ORD5013,PROD227,4,20
ITEM9158,ORD5100,PROD201,4,15
ITEM9159,ORD5166,PROD225,2,5
ITEM9160,ORD5069,PROD246,3,15
ITEM9161,ORD5423,PROD223,3,10
ITEM9162,ORD5305,PROD233,1,10
ITEM9163,ORD5467,PROD224,4,0
ITEM9164,ORD5414,PROD207,4,15
ITEM9165,ORD5103,PROD208,1,20
ITEM9166,ORD5407,PROD220,4,0
ITEM9167,ORD5270,PROD239,3,5
ITEM9168,ORD5454,PROD241,4,15
ITEM9169,ORD5220,PROD243,4,5
ITEM9170,ORD5446,PROD219,1,15
ITEM9171,ORD5308,PROD216,3,5
ITEM9172,ORD5097,PROD224,2,10
ITEM9173,ORD5426,PROD232,1,0
ITEM9174,ORD5348,PROD225,2,15
ITEM9175,ORD5179,PROD201,3,5
ITEM9176,ORD5083,PROD231,2,15
ITEM9177,ORD5046,PROD212,3,15
ITEM9178,ORD5097,PROD230,3,10
ITEM9179,ORD5178,PROD210,3,0
ITEM9180,ORD5026,PROD229,1,20
ITEM9181,ORD5170,PROD223,1,15
ITEM9182,ORD5363,PROD237,1,15
ITEM9183,ORD5289,PROD229,2,10
ITEM9184,ORD5180,PROD229,4,20
ITEM9185,ORD5140,PROD202,1,10
ITEM9186,ORD5360,PROD239,3,20
ITEM9187,ORD5205,PROD212,4,5
ITEM9188,ORD5187,PROD201,4,10
ITEM9189,ORD5448,PROD243,4,15
ITEM9190,ORD5266,PROD238,3,15
ITEM9191,ORD5256,PROD241,3,20
ITEM9192,ORD5061,PROD224,2,5
ITEM9193,ORD5279,PROD219,1,5
ITEM9194,ORD5127,PROD207,4,0
ITEM9195,ORD5260,PROD213,2,5
ITEM9196,ORD5366,PROD217,2,0
ITEM9197,ORD5133,PROD231,3,10
ITEM9198,ORD5055,PROD202,1,5
ITEM9199,ORD5305,PROD221,2,5
